{"is_source_file": false, "format": "", "description": "", "external_files": [], "external_methods": [], "published": [], "classes": [], "methods": [], "calls": [], "search-terms": [], "state": 2, "file_id": 2, "knowledge_revision": 7, "git_revision": "b5c429263feff1c854c9e063d42fa9c6e3c14f92", "hash": "acc4f5be602d22a3ca2e4c6cf7e09a04", "format-version": 4, "code-base-name": "stock_data_database", "filename": "stock_data_database/scripts/start_backend.sh", "revision_history": [{"7": "b5c429263feff1c854c9e063d42fa9c6e3c14f92"}]}