{"is_source_file": false, "format": "", "description": "", "external_files": [], "external_methods": [], "published": [], "classes": [], "methods": [], "calls": [], "search-terms": [], "state": 2, "file_id": 3, "knowledge_revision": 5, "git_revision": "b5c429263feff1c854c9e063d42fa9c6e3c14f92", "hash": "3654639378a253d72359466939d70f8b", "format-version": 4, "code-base-name": "stock_data_database", "filename": "stock_data_database/scripts/stop_backend.sh", "revision_history": [{"5": "b5c429263feff1c854c9e063d42fa9c6e3c14f92"}]}